date,order_value
2020-01-01,26101.54
2020-01-02,41814.4
2020-01-03,42642.98
2020-01-04,43074.03
2020-01-05,43641.16
2020-01-06,48930.3
2020-01-07,53586.38
2020-01-08,52948.729999999996
2020-01-09,52401.25
2020-01-10,43721.56
2020-01-11,53319.86
2020-01-12,63377.25
2020-01-13,51688.39
2020-01-14,49873.26
2020-01-15,52891.38
2020-01-16,52874.11
2020-01-17,40967.11
2020-01-18,43796.05
2020-01-19,53623.83
2020-01-20,48843.04
2020-01-21,50296.85
2020-01-22,47149.090000000004
2020-01-23,48609.22
2020-01-24,41909.41
2020-01-25,38107.5
2020-01-26,49753.53
2020-01-27,48196.98
2020-01-28,47196.2
2020-01-29,42053.42
2020-01-30,45395.17
2020-01-31,41779.09
2020-02-01,40896.84
2020-02-02,54660.51
2020-02-03,57168.6
2020-02-04,46682.6
2020-02-05,48499.74
2020-02-06,38587.16
2020-02-07,35728.22
2020-02-08,37550.45
2020-02-09,47776.36
2020-02-10,49601.89
2020-02-11,49554.99
2020-02-12,41618.34
2020-02-13,38148.1
2020-02-14,36166.3
2020-02-15,35816.58
2020-02-16,46611.29
2020-02-17,52124.5
2020-02-18,54517.71
2020-02-19,50141.34
2020-02-20,41460.96
2020-02-21,36916.159999999996
2020-02-22,36740.74
2020-02-23,45991.61
2020-02-24,53732.68
2020-02-25,47648.94
2020-02-26,45149.07
2020-02-27,40325.2
2020-02-28,38599.17
2020-02-29,43049.51
2020-03-01,53810.76
2020-03-02,57438.78
2020-03-03,58290.79
2020-03-04,48923.05
2020-03-05,53831.3
2020-03-06,43247.45
2020-03-07,44182.02
2020-03-08,58155.75
2020-03-09,56965.49
2020-03-10,50058.85
2020-03-11,47394.61
2020-03-12,38006.67
2020-03-13,33462.75
2020-03-14,29402.8
2020-03-15,30949.71
2020-03-16,28819.350000000002
2020-03-17,30725.04
2020-03-18,26224.850000000002
2020-03-19,28045.33
2020-03-20,25853.02
2020-03-21,24394.0
2020-03-22,26648.02
2020-03-23,28966.64
2020-03-24,29877.7
2020-03-25,31886.39
2020-03-26,31902.57
2020-03-27,27613.23
2020-03-28,31949.39
2020-03-29,48852.61
2020-03-30,43676.29
2020-03-31,40968.68
2020-04-01,39417.4
2020-04-02,44506.7
2020-04-03,41250.93
2020-04-04,36931.59
2020-04-05,52489.83
2020-04-06,52576.77
2020-04-07,47482.48
2020-04-08,44598.97
2020-04-09,48660.57
2020-04-10,47359.54
2020-04-11,41366.98
2020-04-12,44815.76
2020-04-13,55815.7
2020-04-14,57351.37
2020-04-15,54416.049999999996
2020-04-16,49798.3
2020-04-17,43882.07
2020-04-18,41565.19
2020-04-19,60880.69
2020-04-20,53524.85
2020-04-21,50165.54
2020-04-22,52373.83
2020-04-23,47169.759999999995
2020-04-24,43723.44
2020-04-25,40271.73
2020-04-26,57874.17
2020-04-27,57311.340000000004
2020-04-28,53719.36
2020-04-29,54306.24
2020-04-30,47826.75
2020-05-01,49003.92
2020-05-02,47045.19
2020-05-03,54997.14
2020-05-04,60046.07
2020-05-05,63218.79
2020-05-06,62455.19
2020-05-07,52146.439999999995
2020-05-08,43696.99
2020-05-09,45758.22
2020-05-10,60840.42
2020-05-11,63719.13
2020-05-12,65614.0
2020-05-13,64299.54
2020-05-14,62282.19
2020-05-15,60910.45
2020-05-16,48294.200000000004
2020-05-17,62285.68
2020-05-18,65827.37
2020-05-19,62351.85
2020-05-20,55869.83
2020-05-21,59747.840000000004
2020-05-22,52751.41
2020-05-23,56555.36
2020-05-24,63534.3
2020-05-25,62334.97
2020-05-26,56643.34
2020-05-27,56803.77
2020-05-28,57512.8
2020-05-29,45599.15
2020-05-30,40637.97
2020-05-31,56382.21
2020-06-01,58657.81
2020-06-02,130019.97
2020-06-03,63649.0
2020-06-04,68180.95999999999
2020-06-05,58570.87
2020-06-06,47500.82
2020-06-07,66923.6
2020-06-08,70538.05
2020-06-09,57614.13
2020-06-10,59852.74
2020-06-11,52793.49
2020-06-12,43879.76
2020-06-13,38303.71
2020-06-14,45165.35
2020-06-15,54197.58
2020-06-16,50508.35
2020-06-17,52291.93
2020-06-18,46104.0
2020-06-19,39990.0
2020-06-20,35420.24
2020-06-21,40895.93
2020-06-22,47840.31
2020-06-23,50511.87
2020-06-24,43886.32
2020-06-25,40733.97
2020-06-26,35512.7
2020-06-27,38315.82
2020-06-28,39697.61
2020-06-29,56025.17
2020-06-30,47194.700000000004
2020-07-01,52095.64
2020-07-02,49886.37
2020-07-03,51410.98
2020-07-04,34197.45
2020-07-05,40891.67
2020-07-06,52452.62
2020-07-07,55767.34
2020-07-08,52246.64
2020-07-09,48500.64
2020-07-10,43627.22
2020-07-11,38548.85
2020-07-12,49028.25
2020-07-13,56891.17
2020-07-14,59047.21
2020-07-15,57633.64
2020-07-16,56846.71
2020-07-17,44366.01
2020-07-18,41868.52
2020-07-19,51483.03
2020-07-20,57939.44
2020-07-21,49153.86
2020-07-22,47824.11
2020-07-23,42074.23
2020-07-24,44490.6
2020-07-25,36666.81
2020-07-26,48473.33
2020-07-27,53629.369999999995
2020-07-28,54695.47
2020-07-29,49008.11
2020-07-30,48764.46
2020-07-31,41467.340000000004
2020-08-01,41639.59
2020-08-02,51669.79
2020-08-03,57167.56
2020-08-04,63014.05
2020-08-05,55810.46
2020-08-06,49642.64
2020-08-07,42634.96
2020-08-08,37549.04
2020-08-09,42788.88
2020-08-10,64877.28
2020-08-11,73598.95999999999
2020-08-12,71422.91
2020-08-13,56636.39
2020-08-14,43885.29
2020-08-15,42445.41
2020-08-16,52065.95
2020-08-17,68856.92
2020-08-18,59944.13
2020-08-19,68341.22
2020-08-20,55143.94
2020-08-21,43325.42
2020-08-22,39414.24
2020-08-23,54399.97
2020-08-24,60653.08
2020-08-25,62362.9
2020-08-26,63736.55
2020-08-27,58752.98
2020-08-28,57027.96
2020-08-29,46311.18
2020-08-30,65396.5
2020-08-31,72860.18000000001
2020-09-01,75897.02
2020-09-02,68768.06
2020-09-03,60932.31
2020-09-04,59595.86
2020-09-05,52508.72
2020-09-06,70377.38
2020-09-07,82923.8
2020-09-08,74152.49
2020-09-09,67244.22
2020-09-10,61351.92
2020-09-11,54407.22
2020-09-12,160408.55000000002
2020-09-13,79461.38
2020-09-14,83833.51
2020-09-15,73203.02
2020-09-16,69485.85
2020-09-17,73785.95999999999
2020-09-18,57533.55
2020-09-19,58522.43
2020-09-20,65913.7
2020-09-21,73712.71
2020-09-22,62132.86
2020-09-23,62211.65
2020-09-24,52672.34
2020-09-25,50524.48
2020-09-26,49393.770000000004
2020-09-27,63182.78
2020-09-28,76282.12
2020-09-29,58877.04
2020-09-30,56123.21
2020-10-01,54834.93
2020-10-02,55909.76
2020-10-03,49909.909999999996
2020-10-04,62921.24
2020-10-05,63591.21
2020-10-06,67416.24
2020-10-07,63158.47
2020-10-08,48092.09
2020-10-09,49289.32
2020-10-10,45403.55
2020-10-11,56997.97
2020-10-12,56348.12
2020-10-13,55459.03
2020-10-14,48211.53
2020-10-15,46697.54
2020-10-16,49585.77
2020-10-17,45367.35
2020-10-18,53085.979999999996
2020-10-19,54572.75
2020-10-20,51073.25
2020-10-21,51290.56
2020-10-22,61627.799999999996
2020-10-23,49608.3
2020-10-24,49723.1
2020-10-25,64336.05
2020-10-26,71245.75
2020-10-27,65730.97
2020-10-28,62833.84
2020-10-29,56709.46
2020-10-30,57429.64
2020-10-31,49956.02
2020-11-01,73768.01
2020-11-02,65353.240000000005
2020-11-03,64248.75
2020-11-04,71425.87
2020-11-05,60836.21
2020-11-06,87715.56
2020-11-07,62497.61
2020-11-08,82424.52
2020-11-09,77862.81999999999
2020-11-10,84521.17
2020-11-11,119288.16
2020-11-12,105476.46
2020-11-13,130225.84
2020-11-14,96798.26
2020-11-15,120890.20999999999
2020-11-16,127261.67
2020-11-17,122739.64
2020-11-18,107489.43000000001
2020-11-19,104587.55
2020-11-20,105057.57
2020-11-21,112199.34
2020-11-22,136583.67
2020-11-23,120729.69
2020-11-24,119098.86
2020-11-25,133039.72
2020-11-26,124828.58
2020-11-27,169692.44
2020-11-28,149526.13
2020-11-29,160787.12
2020-11-30,140339.5
2020-12-01,83140.35
2020-12-02,85470.7
2020-12-03,75517.48
2020-12-04,73472.18
2020-12-05,79723.0
2020-12-06,91364.27
2020-12-07,93866.02
2020-12-08,94553.96
2020-12-09,97258.75
2020-12-10,81951.48
2020-12-11,84088.18000000001
2020-12-12,74567.61
2020-12-13,87150.54
2020-12-14,91071.68
2020-12-15,89442.61
2020-12-16,79636.82
2020-12-17,69385.18
2020-12-18,59816.13
2020-12-19,55981.36
2020-12-20,56064.64
2020-12-21,54955.43
2020-12-22,55218.3
2020-12-23,48885.25
2020-12-24,41963.02
2020-12-25,64003.12
2020-12-26,68134.41
2020-12-27,74779.74
2020-12-28,96288.0
2020-12-29,94602.92
2020-12-30,67065.15
2020-12-31,43024.0
2021-01-01,51257.41
2021-01-02,72437.65
2021-01-03,77064.37
2021-01-04,85715.73
2021-01-05,79815.17
2021-01-06,82421.11
2021-01-07,92531.81999999999
2021-01-08,80648.63
2021-01-09,82458.96
2021-01-10,83845.26
2021-01-11,92618.25
2021-01-12,88012.09
2021-01-13,83356.46
2021-01-14,70735.6
2021-01-15,79612.26
2021-01-16,70579.1
2021-01-17,82644.1
2021-01-18,77656.67
2021-01-19,72201.73
2021-01-20,80747.17
2021-01-21,82175.77
2021-01-22,73021.3
2021-01-23,73580.52
2021-01-24,89203.58
2021-01-25,83554.75
2021-01-26,81245.65
2021-01-27,74504.59999999999
2021-01-28,96710.88
2021-01-29,100955.42
2021-01-30,74410.07
2021-01-31,96687.81
2021-02-01,95458.23
2021-02-02,85946.53
2021-02-03,90523.91
2021-02-04,87595.08
2021-02-05,88339.66
2021-02-06,92301.61
2021-02-07,108615.97
2021-02-08,93840.28
2021-02-09,89567.26000000001
2021-02-10,78934.98
2021-02-11,70834.39
2021-02-12,69681.99
2021-02-13,69167.5
2021-02-14,74982.82
2021-02-15,64434.84
2021-02-16,74892.2
2021-02-17,77029.17
2021-02-18,70867.04000000001
2021-02-19,77516.92
2021-02-20,83949.88
2021-02-21,118607.98999999999
2021-02-22,92045.94
2021-02-23,82284.9
2021-02-24,95122.01
2021-02-25,95389.48
2021-02-26,85935.73
2021-02-27,79190.27
2021-02-28,106753.47
2021-03-01,108843.36
2021-03-02,110646.28
2021-03-03,130946.01999999999
2021-03-04,100094.35
2021-03-05,89930.59
2021-03-06,94695.4
2021-03-07,122409.23
2021-03-08,105179.32
2021-03-09,104298.96
2021-03-10,100435.36
2021-03-11,98138.37
2021-03-12,92530.67
2021-03-13,105051.84
2021-03-14,117830.43
2021-03-15,132685.62
2021-03-16,109855.43
2021-03-17,98617.24
2021-03-18,91825.4
2021-03-19,96883.86
2021-03-20,98362.28
2021-03-21,114455.81
2021-03-22,102119.23
2021-03-23,85226.24
2021-03-24,100615.08
2021-03-25,99282.63
2021-03-26,97115.36
2021-03-27,104800.01999999999
2021-03-28,134314.89
2021-03-29,134681.17
2021-03-30,103262.45
2021-03-31,96980.67
2021-04-01,95952.88
2021-04-02,95149.45
2021-04-03,91714.8
2021-04-04,85974.93
2021-04-05,115333.9
2021-04-06,106927.38
2021-04-07,103345.39
2021-04-08,106043.86
2021-04-09,119566.95
2021-04-10,105663.69
2021-04-11,133648.63
2021-04-12,133439.65
2021-04-13,119769.93
2021-04-14,117319.74
2021-04-15,114280.37
2021-04-16,94769.85
2021-04-17,95563.41
2021-04-18,121528.23999999999
2021-04-19,126033.01
2021-04-20,95324.17
2021-04-21,101538.77
2021-04-22,89549.65
2021-04-23,74855.73
2021-04-24,79213.11
2021-04-25,111136.18000000001
2021-04-26,103328.37
2021-04-27,91592.9
2021-04-28,95712.46
2021-04-29,94497.18
2021-04-30,85261.59999999999
2021-05-01,89735.95
2021-05-02,116927.15000000001
2021-05-03,91320.72
2021-05-04,90504.94
2021-05-05,94578.77
2021-05-06,89610.56
2021-05-07,100843.89
2021-05-08,81432.6
2021-05-09,85731.21
2021-05-10,97918.88
2021-05-11,106526.19
2021-05-12,89661.05
2021-05-13,89296.23
2021-05-14,109557.72
2021-05-15,82198.12
2021-05-16,106188.39
2021-05-17,100621.65
2021-05-18,89974.89
2021-05-19,93019.25
2021-05-20,84601.48
2021-05-21,73436.93
2021-05-22,82945.2
2021-05-23,95929.87
2021-05-24,99893.7
2021-05-25,107190.96
2021-05-26,90992.31
2021-05-27,83825.04000000001
2021-05-28,89420.66
2021-05-29,78288.3
2021-05-30,101802.39
2021-05-31,103428.68000000001
2021-06-01,88194.19
2021-06-02,82811.35
2021-06-03,80605.07
2021-06-04,78245.8
2021-06-05,82561.45999999999
2021-06-06,109578.17
2021-06-07,101291.58
2021-06-08,106313.38
2021-06-09,96950.17
2021-06-10,83308.93
2021-06-11,75604.7
2021-06-12,71793.8
2021-06-13,93906.7
2021-06-14,88940.47
2021-06-15,95077.47
2021-06-16,88622.27
2021-06-17,70748.49
2021-06-18,58192.86
2021-06-19,46715.96
2021-06-20,66412.13
2021-06-21,71481.3
2021-06-22,68514.77
2021-06-23,54011.06
2021-06-24,52488.98
2021-06-25,48030.84
2021-06-26,52926.92
2021-06-27,59166.26
2021-06-28,69339.29
2021-06-29,56217.4
2021-06-30,61146.82
2021-07-01,63757.43
2021-07-02,49029.56
2021-07-03,45007.549999999996
2021-07-04,56602.520000000004
2021-07-05,65495.76
2021-07-06,66281.62
2021-07-07,68411.66
2021-07-08,70327.93
2021-07-09,71606.18000000001
2021-07-10,57429.48
2021-07-11,76685.52
2021-07-12,82897.77
2021-07-13,93522.0
2021-07-14,78529.23
2021-07-15,142516.19
2021-07-16,79127.98
2021-07-17,68529.63
2021-07-18,79331.45
2021-07-19,93418.13
2021-07-20,82146.8
2021-07-21,74411.08
2021-07-22,75500.25
2021-07-23,70636.95
2021-07-24,52108.590000000004
2021-07-25,63156.82
2021-07-26,90435.54
2021-07-27,80888.98
2021-07-28,79177.53
2021-07-29,73047.8
2021-07-30,73735.56
2021-07-31,62057.67
2021-08-01,85504.32
2021-08-02,103208.66
2021-08-03,93821.5
2021-08-04,95655.44
2021-08-05,103767.72
2021-08-06,105065.28
2021-08-07,78882.21
2021-08-08,95588.95
2021-08-09,113527.32
2021-08-10,102204.85
2021-08-11,90493.61
2021-08-12,89628.9
2021-08-13,81427.98
2021-08-14,60899.49
2021-08-15,77525.2
2021-08-16,107115.0
2021-08-17,102074.12
2021-08-18,98939.94
2021-08-19,88342.12
2021-08-20,84001.29
2021-08-21,70723.39
2021-08-22,96479.51
2021-08-23,103754.68
2021-08-24,98777.01
2021-08-25,89936.77
2021-08-26,87514.69
2021-08-27,77968.02
2021-08-28,67958.15000000001
2021-08-29,88799.14
2021-08-30,108517.16
2021-08-31,107563.26
2021-09-01,107083.97
2021-09-02,101836.19
2021-09-03,91005.05
2021-09-04,74637.1
2021-09-05,99074.14
2021-09-06,113579.39
2021-09-07,106801.27
2021-09-08,105928.5
2021-09-09,90463.04000000001
2021-09-10,82462.5
2021-09-11,66977.47
2021-09-12,88589.47
2021-09-13,104653.53
2021-09-14,102345.65
2021-09-15,92455.55
2021-09-16,85896.24
2021-09-17,79665.26
2021-09-18,80613.47
2021-09-19,99459.0
2021-09-20,102436.04
2021-09-21,79602.49
2021-09-22,85706.56
2021-09-23,79784.46
2021-09-24,71644.77
2021-09-25,61750.17
2021-09-26,109352.82
2021-09-27,110645.06
2021-09-28,116822.99
2021-09-29,104000.58
2021-09-30,109550.14
2021-10-01,96942.31
2021-10-02,91309.98
2021-10-03,108712.68
2021-10-04,115738.16
2021-10-05,105976.71
2021-10-06,105631.78
2021-10-07,106553.0
2021-10-08,93064.99
2021-10-09,86241.97
2021-10-10,119627.36
2021-10-11,111601.33
2021-10-12,110516.71
2021-10-13,107804.34999999999
2021-10-14,95682.81999999999
2021-10-15,83552.88
2021-10-16,82273.04
2021-10-17,115369.79
2021-10-18,105260.36
2021-10-19,98732.48
2021-10-20,91266.19
2021-10-21,98637.38
2021-10-22,87230.6
2021-10-23,74222.85
2021-10-24,90215.65
2021-10-25,115004.3
2021-10-26,101649.19
2021-10-27,84417.43000000001
2021-10-28,90857.99
2021-10-29,74609.62
2021-10-30,64957.9
2021-10-31,89705.9
2021-11-01,113559.78
2021-11-02,110093.46
2021-11-03,99608.14
2021-11-04,98281.97
2021-11-05,91826.55
2021-11-06,86811.29000000001
2021-11-07,127794.98999999999
2021-11-08,130745.63
2021-11-09,117515.2
2021-11-10,121987.42
2021-11-11,136767.81
2021-11-12,139364.78
2021-11-13,126327.99
2021-11-14,142093.38
2021-11-15,128941.51
2021-11-16,128260.42
2021-11-17,129771.63
2021-11-18,129435.31
2021-11-19,134957.01
2021-11-20,120311.38
2021-11-21,168152.81
2021-11-22,174257.91
2021-11-23,162527.04
2021-11-24,161030.04
2021-11-25,168037.61
2021-11-26,244169.75
2021-11-27,175001.68
2021-11-28,227503.92
2021-11-29,194760.65
2021-11-30,135377.43
2021-12-01,153436.83
2021-12-02,151512.54
2021-12-03,149617.33
2021-12-04,138098.43
2021-12-05,172404.1
2021-12-06,176659.65
2021-12-07,178812.9
2021-12-08,178331.66
2021-12-09,176754.95
2021-12-10,157965.38999999998
2021-12-11,155291.47
2021-12-12,186398.06
2021-12-13,188709.2
2021-12-14,190825.87
2021-12-15,190330.84
2021-12-16,143332.21
2021-12-17,117242.36
2021-12-18,91525.03
2021-12-19,98128.96
2021-12-20,105931.83
2021-12-21,89645.2
2021-12-22,76626.69
2021-12-23,75874.69
2021-12-24,60572.18
2021-12-25,87039.95
2021-12-26,98106.59
2021-12-27,121517.64
2021-12-28,108797.21
2021-12-29,113376.89
2021-12-30,85283.56
2021-12-31,45384.200000000004
2022-01-01,146541.88
2022-01-02,253939.99
2022-01-03,273718.46
2022-01-04,374401.55
2022-01-05,378509.2
2022-01-06,341070.66
2022-01-07,274354.12
2022-01-08,286191.35
2022-01-09,324752.77
2022-01-10,337909.58999999997
2022-01-11,373951.34
2022-01-12,489025.36
2022-01-13,370405.57
2022-01-14,358791.82
2022-01-15,320960.97000000003
2022-01-16,404296.62
2022-01-17,402838.58
2022-01-18,379006.26999999996
2022-01-19,368137.74
2022-01-20,357719.93
2022-01-21,334438.47
2022-01-22,346299.66000000003
2022-01-23,419192.52
2022-01-24,380083.83999999997
2022-01-25,390988.04000000004
2022-01-26,402733.28
2022-01-27,400319.99
2022-01-28,396851.72
2022-01-29,418426.33
2022-01-30,472132.39
2022-01-31,519053.45
2022-02-01,484080.74
2022-02-02,499275.43
2022-02-03,501440.84
2022-02-04,414824.35000000003
2022-02-05,415135.13
2022-02-06,537821.39
2022-02-07,493359.43
2022-02-08,476229.10000000003
2022-02-09,426707.57
2022-02-10,411021.62
2022-02-11,368509.45
2022-02-12,434725.02
2022-02-13,415652.9
2022-02-14,473672.7
2022-02-15,404864.48
2022-02-16,406578.83999999997
2022-02-17,409011.81
2022-02-18,363095.48
2022-02-19,356531.51
2022-02-20,463986.33999999997
2022-02-21,459652.69
2022-02-22,417398.06
2022-02-23,424645.38999999996
2022-02-24,323346.01
2022-02-25,366685.63
2022-02-26,331230.63
2022-02-27,402858.06
2022-02-28,433408.81
2022-03-01,427956.39
2022-03-02,448416.93
2022-03-03,456431.42
2022-03-04,373338.0
2022-03-05,346849.9
2022-03-06,473188.33
2022-03-07,501795.74
2022-03-08,486135.04000000004
2022-03-09,536495.58
2022-03-10,465961.49
2022-03-11,380292.5
2022-03-12,341767.99
2022-03-13,448043.76
2022-03-14,489795.07
2022-03-15,507948.19
2022-03-16,489561.42000000004
2022-03-17,431883.42
2022-03-18,329652.8
2022-03-19,354019.33999999997
2022-03-20,508709.55
2022-03-21,536421.4
2022-03-22,516773.05
2022-03-23,496492.70999999996
2022-03-24,426027.15
2022-03-25,355165.37
2022-03-26,384741.05
2022-03-27,500628.14999999997
2022-03-28,579933.66
2022-03-29,535766.52
2022-03-30,542342.06
2022-03-31,533011.65
2022-04-01,368613.35
2022-04-02,368745.63
2022-04-03,485898.72
2022-04-04,545761.98
2022-04-05,552344.1
2022-04-06,492776.33
2022-04-07,464647.73
2022-04-08,465145.23
2022-04-09,477804.15
2022-04-10,502486.92
2022-04-11,495884.45
2022-04-12,447247.11
2022-04-13,448802.95
2022-04-14,403258.07
2022-04-15,392092.85
2022-04-16,320778.19
2022-04-17,361798.33999999997
2022-04-18,435933.27
2022-04-19,449763.28
2022-04-20,452397.35
2022-04-21,452058.49
2022-04-22,397386.85
2022-04-23,339004.85
2022-04-24,467765.07
2022-04-25,474039.45999999996
2022-04-26,547384.83
2022-04-27,523415.41000000003
2022-04-28,510564.56
2022-04-29,394277.66
2022-04-30,447902.42
2022-05-01,488514.86
2022-05-02,540731.76
2022-05-03,515932.18
2022-05-04,501607.41000000003
2022-05-05,485103.22
2022-05-06,352977.93
2022-05-07,339398.7
2022-05-08,442013.06
2022-05-09,532500.51
2022-05-10,493279.33
2022-05-11,502810.32
2022-05-12,439531.21
2022-05-13,417892.77999999997
2022-05-14,361498.08
2022-05-15,440923.68
2022-05-16,522711.67000000004
2022-05-17,479838.44
2022-05-18,439684.67
2022-05-19,403994.06
2022-05-20,438335.23
2022-05-21,399063.32
2022-05-22,459589.49
2022-05-23,499424.92
2022-05-24,433464.26
2022-05-25,449930.29
2022-05-26,398471.33
2022-05-27,403781.59
2022-05-28,402543.46
2022-05-29,489713.41000000003
2022-05-30,500081.08999999997
2022-05-31,508299.10000000003
2022-06-01,562282.36
2022-06-02,438488.37
2022-06-03,412339.93
2022-06-04,350619.76
2022-06-05,381230.55
2022-06-06,423117.33999999997
2022-06-07,568463.17
2022-06-08,564729.79
2022-06-09,559996.15
2022-06-10,355101.0
2022-06-11,312534.71
2022-06-12,415305.99
2022-06-13,499590.01
2022-06-14,521074.85
2022-06-15,435953.97
2022-06-16,410466.81
2022-06-17,377959.92
2022-06-18,282219.32
2022-06-19,417243.58
2022-06-20,498622.24
2022-06-21,475317.75
2022-06-22,469425.88
2022-06-23,523987.95999999996
2022-06-24,376853.79
2022-06-25,338829.02
2022-06-26,468103.2
2022-06-27,566277.3099999999
2022-06-28,573181.54
2022-06-29,616036.15
2022-06-30,548122.07
2022-07-01,533857.8
2022-07-02,419836.87
2022-07-03,525038.47
2022-07-04,656110.29
2022-07-05,657111.2
2022-07-06,624114.29
2022-07-07,583288.85
2022-07-08,467782.94
2022-07-09,373530.77
2022-07-10,487155.20999999996
2022-07-11,661483.11
2022-07-12,642904.97
2022-07-13,555688.66
2022-07-14,601378.62
2022-07-15,563360.28
2022-07-16,448776.13
2022-07-17,521033.6
2022-07-18,638048.16
2022-07-19,567534.16
2022-07-20,599650.8300000001
2022-07-21,578576.6900000001
2022-07-22,526070.97
2022-07-23,407375.19
2022-07-24,439193.77
2022-07-25,604769.2
2022-07-26,573402.6
2022-07-27,659342.07
2022-07-28,594086.83
2022-07-29,557319.14
2022-07-30,455381.81
2022-07-31,515807.54
2022-08-01,666543.51
2022-08-02,648182.5700000001
2022-08-03,652143.28
2022-08-04,553678.21
2022-08-05,510716.5
2022-08-06,475376.3
2022-08-07,521529.01
2022-08-08,667649.18
2022-08-09,647418.81
2022-08-10,669476.5
2022-08-11,591391.96
2022-08-12,558244.0499999999
2022-08-13,466954.84
2022-08-14,557254.0700000001
2022-08-15,685741.49
2022-08-16,729766.21
2022-08-17,787716.76
2022-08-18,687021.87
2022-08-19,665537.78
2022-08-20,437971.42
2022-08-21,510636.38
2022-08-22,731275.91
2022-08-23,552764.21
2022-08-24,629802.48
2022-08-25,607514.26
2022-08-26,521109.23
2022-08-27,418390.39999999997
2022-08-28,562174.22
2022-08-29,765736.95
2022-08-30,670463.11
2022-08-31,757459.23
2022-09-01,664782.08
2022-09-02,550972.84
2022-09-03,493225.58
2022-09-04,636134.44
2022-09-05,650612.11
2022-09-06,686691.53
2022-09-07,681886.09
2022-09-08,671694.34
2022-09-09,652980.44
2022-09-10,708786.09
2022-09-11,798252.8099999999
2022-09-12,765244.14
2022-09-13,758427.9199999999
2022-09-14,789372.05
2022-09-15,727592.14
2022-09-16,692025.2599999999
2022-09-17,608221.23
2022-09-18,808710.12
2022-09-19,801123.8
2022-09-20,767470.23
2022-09-21,689553.9600000001
2022-09-22,649376.7600000001
2022-09-23,545872.66
2022-09-24,487230.27
2022-09-25,640849.52
2022-09-26,711185.01
2022-09-27,589002.02
2022-09-28,695641.2
2022-09-29,585316.04
2022-09-30,466847.24
2022-10-01,487991.48
2022-10-02,552596.3
2022-10-03,640997.59
2022-10-04,611819.76
2022-10-05,552971.45
2022-10-06,594257.5
2022-10-07,561865.11
2022-10-08,453320.03
2022-10-09,559615.22
2022-10-10,697048.1199999999
2022-10-11,771127.25
2022-10-12,633723.7
2022-10-13,790680.22
2022-10-14,676430.28
2022-10-15,613662.42
2022-10-16,732338.63
2022-10-17,738799.37
2022-10-18,600207.68
2022-10-19,622281.26
2022-10-20,561674.17
2022-10-21,566319.74
2022-10-22,513539.28
2022-10-23,587886.44
2022-10-24,689663.0499999999
2022-10-25,769170.25
2022-10-26,705712.73
2022-10-27,619188.8999999999
2022-10-28,621929.01
2022-10-29,577585.9199999999
2022-10-30,607752.25
2022-10-31,622059.14
2022-11-01,817252.34
2022-11-02,722582.78
2022-11-03,725438.77
2022-11-04,687360.97
2022-11-05,717263.38
2022-11-06,823277.4700000001
2022-11-07,789244.32
2022-11-08,773622.1
2022-11-09,813675.53
2022-11-10,749832.68
2022-11-11,771809.34
2022-11-12,743938.75
2022-11-13,946709.65
2022-11-14,869568.9199999999
2022-11-15,865166.47
2022-11-16,906063.22
2022-11-17,1013305.48
2022-11-18,1119724.52
2022-11-19,830235.89
2022-11-20,1009611.68
2022-11-21,957581.66
2022-11-22,1014513.38
2022-11-23,1069078.45
2022-11-24,1224472.33
2022-11-25,2734921.7
2022-11-26,1296463.6800000002
2022-11-27,1397537.61
2022-11-28,1138213.07
2022-11-29,785640.13
2022-11-30,741912.6
2022-12-01,693413.88
2022-12-02,669325.63
2022-12-03,682638.71
2022-12-04,845419.64
2022-12-05,831679.1900000001
2022-12-06,846109.6299999999
2022-12-07,822494.23
2022-12-08,833570.86
2022-12-09,750517.05
2022-12-10,813938.95
2022-12-11,855984.45
2022-12-12,932059.47
2022-12-13,917841.12
2022-12-14,854490.13
2022-12-15,799041.0700000001
2022-12-16,672371.03
2022-12-17,684861.61
2022-12-18,701493.13
2022-12-19,722750.91
2022-12-20,548966.1799999999
2022-12-21,467683.39
2022-12-22,375870.94
2022-12-23,373411.95
2022-12-24,290363.68
2022-12-25,355267.88
2022-12-26,385497.64
2022-12-27,477345.82999999996
2022-12-28,468917.68
2022-12-29,585839.59
2022-12-30,498373.23
2022-12-31,307735.01
2023-01-01,356389.65
2023-01-02,581088.23
2023-01-03,639269.54
2023-01-04,624132.3
2023-01-05,586168.85
2023-01-06,477024.38
2023-01-07,461460.62
2023-01-08,563036.08
2023-01-09,591399.92
2023-01-10,598615.05
2023-01-11,683032.01
2023-01-12,631252.97
2023-01-13,573660.55
2023-01-14,654033.14
2023-01-15,720421.1900000001
2023-01-16,796848.38
2023-01-17,728777.89
2023-01-18,711091.95
2023-01-19,707874.02
2023-01-20,609482.54
2023-01-21,642357.11
2023-01-22,730217.54
2023-01-23,705202.36
2023-01-24,726333.64
2023-01-25,746852.33
2023-01-26,662172.93
2023-01-27,752170.5399999999
2023-01-28,672378.8999999999
2023-01-29,792423.78
2023-01-30,810887.9400000001
2023-01-31,820456.7
2023-02-01,787557.1
2023-02-02,747323.03
2023-02-03,632177.11
2023-02-04,601219.7
2023-02-05,782183.7899999999
2023-02-06,788843.5800000001
2023-02-07,752840.54
2023-02-08,754667.74
2023-02-09,757068.59
2023-02-10,634670.9400000001
2023-02-11,670095.66
2023-02-12,811641.52
2023-02-13,737400.87
2023-02-14,759926.72
2023-02-15,665485.93
2023-02-16,614279.48
2023-02-17,602313.98
2023-02-18,569773.16
2023-02-19,631303.59
2023-02-20,692162.97
2023-02-21,691679.26
2023-02-22,636852.72
2023-02-23,666725.74
2023-02-24,693296.72
2023-02-25,707435.37
2023-02-26,871416.5
2023-02-27,889311.85
2023-02-28,779750.2
2023-03-01,773284.41
2023-03-02,785840.93
2023-03-03,718949.38
2023-03-04,700173.4
2023-03-05,807627.29
2023-03-06,831114.5
2023-03-07,816643.6
2023-03-08,924056.17
2023-03-09,831196.78
2023-03-10,641517.58
2023-03-11,667311.78
2023-03-12,849515.22
2023-03-13,760956.39
2023-03-14,709025.5
2023-03-15,754405.8
2023-03-16,675550.59
2023-03-17,591906.98
2023-03-18,569501.8099999999
2023-03-19,797568.4
2023-03-20,776300.98
2023-03-21,780225.38
2023-03-22,776217.65
2023-03-23,690383.74
2023-03-24,691478.46
2023-03-25,680117.67
2023-03-26,818458.65
2023-03-27,800250.0499999999
2023-03-28,735680.72
2023-03-29,745321.78
2023-03-30,719047.28
2023-03-31,694928.25
2023-04-01,744658.74
2023-04-02,876167.88
2023-04-03,801931.0
2023-04-04,652352.58
2023-04-05,656883.18
2023-04-06,587148.2
2023-04-07,534074.94
2023-04-08,501479.81
2023-04-09,498198.13
2023-04-10,663075.27
2023-04-11,684720.06
2023-04-12,701414.16
2023-04-13,647045.0499999999
2023-04-14,565249.36
2023-04-15,583473.93
2023-04-16,701857.69
2023-04-17,639404.45
2023-04-18,715699.65
2023-04-19,677239.65
2023-04-20,836557.87
2023-04-21,629135.8200000001
2023-04-22,540354.26
2023-04-23,737641.33
2023-04-24,857913.11
2023-04-25,810069.45
2023-04-26,947659.72
2023-04-27,761935.98
2023-04-28,690844.24
2023-04-29,699657.29
2023-04-30,646932.76
2023-05-01,788974.43
2023-05-02,803854.22
2023-05-03,680792.2
2023-05-04,657287.86
2023-05-05,621257.95
2023-05-06,595388.1799999999
2023-05-07,713110.35
2023-05-08,728903.62
2023-05-09,695907.67
2023-05-10,791616.48
2023-05-11,696109.04
2023-05-12,544569.98
2023-05-13,458285.51
2023-05-14,604313.0
2023-05-15,612480.33
2023-05-16,597017.17
2023-05-17,542664.47
2023-05-18,580120.87
2023-05-19,561649.03
2023-05-20,432700.75
2023-05-21,518479.86000000004
2023-05-22,622855.5
2023-05-23,635835.13
2023-05-24,598278.84
2023-05-25,515340.03
2023-05-26,483540.10000000003
2023-05-27,368722.27999999997
2023-05-28,423380.31
2023-05-29,563489.61
2023-05-30,618725.68
2023-05-31,648223.5
2023-06-01,571163.56
2023-06-02,488691.47
2023-06-03,415774.12
2023-06-04,551009.63
2023-06-05,618768.8
2023-06-06,629833.25
2023-06-07,578997.1
2023-06-08,540094.74
2023-06-09,473162.88
2023-06-10,445433.22
2023-06-11,549576.31
2023-06-12,589652.44
2023-06-13,609002.76
2023-06-14,627837.2
2023-06-15,555310.26
2023-06-16,478596.69
2023-06-17,393704.02999999997
2023-06-18,510498.42
2023-06-19,584286.54
2023-06-20,598778.18
2023-06-21,595177.28
2023-06-22,581987.91
2023-06-23,493548.81
2023-06-24,438193.86
2023-06-25,556008.16
2023-06-26,596072.5599999999
2023-06-27,616923.12
2023-06-28,644467.42
2023-06-29,611194.93
2023-06-30,525476.34
2023-07-01,567163.35
2023-07-02,630541.51
2023-07-03,687049.75
2023-07-04,696083.41
2023-07-05,739985.1
2023-07-06,629082.84
2023-07-07,534718.37
2023-07-08,454996.98
2023-07-09,548620.75
2023-07-10,668689.75
2023-07-11,724185.95
2023-07-12,666273.69
2023-07-13,581673.32
2023-07-14,623435.43
2023-07-15,490493.81
2023-07-16,594072.85
2023-07-17,700427.27
2023-07-18,732512.7100000001
2023-07-19,720186.5
2023-07-20,814548.72
2023-07-21,592070.0
2023-07-22,508911.2
2023-07-23,685314.8200000001
2023-07-24,778367.2899999999
2023-07-25,749361.54
2023-07-26,744659.0
2023-07-27,859798.35
2023-07-28,666657.8
2023-07-29,589981.5
2023-07-30,706202.91
2023-07-31,856457.9
2023-08-01,792458.78
2023-08-02,765377.27
2023-08-03,817572.57
2023-08-04,684858.7699999999
2023-08-05,569406.86
2023-08-06,693568.0
2023-08-07,889294.1900000001
2023-08-08,821038.09
2023-08-09,815808.0499999999
2023-08-10,719922.87
2023-08-11,634140.0599999999
2023-08-12,580977.83
2023-08-13,639460.8
2023-08-14,788837.3099999999
2023-08-15,863699.89
2023-08-16,820714.1699999999
2023-08-17,733070.1
2023-08-18,608917.57
2023-08-19,526614.16
2023-08-20,621005.6799999999
2023-08-21,897442.98
2023-08-22,972770.85
2023-08-23,823485.36
2023-08-24,745546.33
2023-08-25,715583.34
2023-08-26,613289.18
2023-08-27,783878.33
2023-08-28,1052575.77
2023-08-29,1086823.37
2023-08-30,1109959.73
2023-08-31,989796.8300000001
2023-09-01,768584.04
2023-09-02,656219.99
2023-09-03,810292.0700000001
2023-09-04,881187.4299999999
2023-09-05,902760.71
2023-09-06,838837.8
2023-09-07,766984.24
2023-09-08,694656.68
2023-09-09,575670.76
2023-09-10,715016.46
2023-09-11,896570.2999999999
2023-09-12,826532.52
2023-09-13,952623.42
2023-09-14,811176.28
2023-09-15,631276.22
2023-09-16,579289.5
2023-09-17,745429.17
2023-09-18,792744.46
2023-09-19,836030.88
2023-09-20,784544.7
2023-09-21,717553.84
2023-09-22,667380.15
2023-09-23,589235.62
2023-09-24,745884.52
2023-09-25,804241.71
2023-09-26,773804.68
2023-09-27,876789.74
2023-09-28,767783.92
2023-09-29,641863.82
2023-09-30,607560.54
2023-10-01,726883.21
2023-10-02,741824.59
2023-10-03,828087.14
2023-10-04,667920.19
2023-10-05,689725.8
2023-10-06,621481.59
2023-10-07,583737.4
2023-10-08,722114.3
2023-10-09,896691.57
2023-10-10,759700.21
2023-10-11,721291.58
2023-10-12,754885.35
2023-10-13,607814.1799999999
2023-10-14,607084.51
2023-10-15,811252.83
2023-10-16,910014.48
2023-10-17,864167.97
2023-10-18,839218.87
2023-10-19,700572.85
2023-10-20,575450.1799999999
2023-10-21,591821.95
2023-10-22,704168.57
2023-10-23,709073.23
2023-10-24,782718.22
2023-10-25,746478.03
2023-10-26,854360.66
2023-10-27,878268.23
2023-10-28,725917.33
2023-10-29,926352.21
2023-10-30,911573.8300000001
2023-10-31,772011.7
2023-11-01,914293.9700000001
2023-11-02,667690.36
2023-11-03,566727.65
2023-11-04,589534.89
2023-11-05,763782.52
2023-11-06,796505.95
2023-11-07,666655.62
2023-11-08,745077.36
2023-11-09,735234.14
2023-11-10,723950.9299999999
2023-11-11,719597.66
2023-11-12,781134.7100000001
2023-11-13,741076.51
2023-11-14,749005.2
2023-11-15,880474.5
2023-11-16,726985.81
2023-11-17,882034.28
2023-11-18,1045296.83
2023-11-19,1015440.25
2023-11-20,1010782.0
2023-11-21,972525.38
2023-11-22,1140478.22
2023-11-23,1275279.62
2023-11-24,2321954.42
2023-11-25,1236728.53
2023-11-26,1492839.62
2023-11-27,1156302.66
2023-11-28,725052.33
2023-11-29,762252.63
2023-11-30,743140.49
2023-12-01,702393.87
2023-12-02,548414.83
2023-12-03,697878.32
2023-12-04,727772.33
2023-12-05,690534.6699999999
2023-12-06,764621.15
2023-12-07,694641.96
2023-12-08,637205.76
2023-12-09,804133.9600000001
2023-12-10,856640.2100000001
2023-12-11,948265.65
2023-12-12,1000945.64
2023-12-13,917997.46
2023-12-14,805315.6
2023-12-15,661015.21
2023-12-16,613252.17
2023-12-17,720580.74
2023-12-18,667637.39
2023-12-19,508652.63
2023-12-20,418194.36
2023-12-21,396592.03
2023-12-22,306743.46
2023-12-23,291055.87
2023-12-24,250912.64
2023-12-25,353112.79
2023-12-26,410651.22
2023-12-27,490622.44
2023-12-28,534906.69
2023-12-29,475724.26
2023-12-30,399867.06
2023-12-31,299529.97
2024-01-01,340619.59
2024-01-02,522397.58
2024-01-03,480574.29
2024-01-04,567186.96
2024-01-05,499606.38
2024-01-06,491469.38
2024-01-07,569978.83
2024-01-08,578828.48
2024-01-09,526873.48
2024-01-10,567639.22
2024-01-11,513891.57
2024-01-12,461220.77999999997
2024-01-13,465607.21
2024-01-14,544074.6
2024-01-15,652590.81
2024-01-16,593694.28
2024-01-17,595024.3
2024-01-18,542215.13
2024-01-19,477801.22
2024-01-20,505458.66
2024-01-21,606912.26
2024-01-22,675392.43
2024-01-23,538722.55
2024-01-24,522446.02999999997
2024-01-25,583464.22
2024-01-26,499823.05
2024-01-27,492255.44
2024-01-28,646449.63
2024-01-29,769363.68
2024-01-30,823377.57
2024-01-31,787114.81
2024-02-01,598719.7000000001
2024-02-02,539556.46
2024-02-03,533376.36
2024-02-04,682210.3099999999
2024-02-05,690240.17
2024-02-06,784348.1200000001
2024-02-07,617665.88
2024-02-08,619910.36
2024-02-09,499443.06
2024-02-10,487295.16
2024-02-11,574332.31
2024-02-12,663314.6900000001
2024-02-13,672635.04
2024-02-14,684590.1900000001
2024-02-15,634630.5
2024-02-16,603770.14
2024-02-17,608362.08
2024-02-18,719824.33
2024-02-19,696525.27
2024-02-20,677652.61
2024-02-21,693667.94
2024-02-22,707518.3
2024-02-23,567786.43
2024-02-24,591065.99
2024-02-25,765028.5499999999
2024-02-26,681110.19
2024-02-27,673476.51
2024-02-28,715654.65
2024-02-29,779984.33
2024-03-01,655451.26
2024-03-02,587264.97
2024-03-03,805502.49
2024-03-04,798603.76
2024-03-05,880193.21
2024-03-06,802675.72
2024-03-07,1010298.97
2024-03-08,633700.68
2024-03-09,583169.87
2024-03-10,798605.25
2024-03-11,783332.96
2024-03-12,754234.03
2024-03-13,711326.6
2024-03-14,768746.11
2024-03-15,653590.9299999999
2024-03-16,627156.6799999999
2024-03-17,792005.85
2024-03-18,847206.39
2024-03-19,771837.6
2024-03-20,786474.86
2024-03-21,704634.55
2024-03-22,660500.37
2024-03-23,716308.91
2024-03-24,817480.41
2024-03-25,792231.77
2024-03-26,876031.7200000001
2024-03-27,931357.9700000001
2024-03-28,710415.17
2024-03-29,658260.3
2024-03-30,563249.33
2024-03-31,587449.28
2024-04-01,855697.95
2024-04-02,796017.89
2024-04-03,810074.77
2024-04-04,796925.86
2024-04-05,646782.45
2024-04-06,475697.5
2024-04-07,643554.25
2024-04-08,791802.65
2024-04-09,733825.64
2024-04-10,754159.53
2024-04-11,688521.49
2024-04-12,615525.4
2024-04-13,554149.69
2024-04-14,675782.95
2024-04-15,818340.77
2024-04-16,732680.0
2024-04-17,675148.17
2024-04-18,688154.33
2024-04-19,593481.0
2024-04-20,574422.05
2024-04-21,679790.14
2024-04-22,709155.41
2024-04-23,659058.5499999999
2024-04-24,640696.59
2024-04-25,566600.36
2024-04-26,474671.07
2024-04-27,428539.27999999997
2024-04-28,547166.0700000001
2024-04-29,605076.25
2024-04-30,508552.85000000003
2024-05-01,560709.74
2024-05-02,573708.15
2024-05-03,523603.89
2024-05-04,500892.9
2024-05-05,595119.1
2024-05-06,684204.27
2024-05-07,830708.35
2024-05-08,612347.59
2024-05-09,554209.41
2024-05-10,509681.77999999997
2024-05-11,461967.19
2024-05-12,564519.09
2024-05-13,704397.4299999999
2024-05-14,661779.72
2024-05-15,679674.7000000001
2024-05-16,695075.6
2024-05-17,615788.26
2024-05-18,521247.63
2024-05-19,539643.14
2024-05-20,579902.0499999999
2024-05-21,723631.44
2024-05-22,652577.71
2024-05-23,589536.71
2024-05-24,513734.22
2024-05-25,499188.18
2024-05-26,624029.45
2024-05-27,750239.24
2024-05-28,725355.4500000001
2024-05-29,717198.93
2024-05-30,738500.91
2024-05-31,657459.31
2024-06-01,636147.01
2024-06-02,749038.97
2024-06-03,982393.68
2024-06-04,867638.63
2024-06-05,893380.73
2024-06-06,819783.8099999999
2024-06-07,726796.74
2024-06-08,688371.26
2024-06-09,743327.09
2024-06-10,779675.52
2024-06-11,762489.48
2024-06-12,747402.23
2024-06-13,665781.05
2024-06-14,653047.32
2024-06-15,704703.4500000001
2024-06-16,724480.44
2024-06-17,1039788.5299999999
2024-06-18,1091208.09
2024-06-19,1167215.54
2024-06-20,1093332.14
2024-06-21,867142.65
2024-06-22,546376.24
2024-06-23,739814.62
2024-06-24,836977.37
2024-06-25,678059.07
2024-06-26,660662.53
2024-06-27,634940.04
2024-06-28,577492.31
2024-06-29,580488.22
2024-06-30,819152.75
2024-07-01,810739.03
2024-07-02,783158.5
2024-07-03,1187459.06
2024-07-04,690809.65
2024-07-05,582490.28
2024-07-06,578866.53
2024-07-07,693578.2
2024-07-08,730406.3099999999
2024-07-09,690464.09
2024-07-10,695565.74
2024-07-11,682994.18
2024-07-12,567612.62
2024-07-13,452338.0
2024-07-14,559372.96
2024-07-15,667398.12
2024-07-16,669979.29
2024-07-17,685698.63
2024-07-18,672630.71
2024-07-19,570008.16
2024-07-20,463896.55000000005
2024-07-21,617345.9199999999
2024-07-22,678179.55
2024-07-23,692239.97
2024-07-24,788908.25
2024-07-25,652754.77
2024-07-26,565052.44
2024-07-27,482457.86
2024-07-28,533752.26
2024-07-29,690830.39
2024-07-30,652816.58
2024-07-31,680103.76
2024-08-01,793207.4500000001
2024-08-02,672950.51
2024-08-03,498294.18
2024-08-04,629501.96
2024-08-05,691282.5
2024-08-06,676063.46
2024-08-07,962588.6599999999
2024-08-08,657039.7000000001
2024-08-09,604364.26
2024-08-10,555367.94
2024-08-11,654976.24
2024-08-12,800851.12
2024-08-13,810864.35
2024-08-14,777686.0499999999
2024-08-15,737023.72
2024-08-16,651370.72
2024-08-17,586057.66
2024-08-18,747610.81
2024-08-19,827508.39
2024-08-20,826078.74
2024-08-21,797878.99
2024-08-22,716451.99
2024-08-23,691384.63
2024-08-24,696462.05
2024-08-25,690300.22
2024-08-26,770203.72
2024-08-27,804249.53
2024-08-28,751247.75
2024-08-29,632705.31
2024-08-30,602515.81
2024-08-31,603521.99
2024-09-01,808878.46
2024-09-02,892656.23
2024-09-03,834706.39
2024-09-04,836810.91
2024-09-05,754844.43
2024-09-06,697007.74
2024-09-07,661328.45
2024-09-08,825282.86
2024-09-09,873092.6
2024-09-10,892493.25
2024-09-11,917578.52
2024-09-12,883410.03
2024-09-13,789460.28
2024-09-14,753137.15
2024-09-15,893622.8500000001
2024-09-16,980328.08
2024-09-17,811962.33
2024-09-18,725830.12
2024-09-19,636871.63
2024-09-20,533376.59
2024-09-21,492638.66
2024-09-22,656826.13
2024-09-23,752804.73
2024-09-24,718919.0
2024-09-25,760741.2000000001
2024-09-26,725786.6799999999
2024-09-27,656470.08
2024-09-28,647428.76
2024-09-29,776056.28
2024-09-30,808525.5900000001
2024-10-01,762279.94
2024-10-02,712318.66
2024-10-03,678596.74
2024-10-04,573550.76
2024-10-05,543036.83
2024-10-06,664371.34
2024-10-07,657542.6
2024-10-08,640817.39
2024-10-09,664452.59
2024-10-10,644895.79
2024-10-11,525931.0
2024-10-12,504348.85
2024-10-13,696038.15
2024-10-14,759042.5700000001
2024-10-15,662170.16
2024-10-16,622100.12
2024-10-17,577367.83
2024-10-18,579340.52
2024-10-19,469358.05
2024-10-20,580457.7
2024-10-21,702229.21
2024-10-22,736157.3099999999
2024-10-23,820330.73
2024-10-24,594613.8
2024-10-25,482001.47
2024-10-26,552590.08
2024-10-27,622370.13
2024-10-28,781257.8
2024-10-29,938336.25
2024-10-30,878503.33
2024-10-31,805577.35
2024-11-01,643136.01
2024-11-02,539419.12
2024-11-03,706878.47
2024-11-04,730402.99
2024-11-05,717998.46
2024-11-06,713114.97
2024-11-07,843791.71
2024-11-08,789479.42
2024-11-09,774578.72
2024-11-10,966757.43
2024-11-11,981944.5499999999
2024-11-12,771893.41
2024-11-13,759560.11
2024-11-14,662365.21
2024-11-15,589566.32
2024-11-16,753885.2
2024-11-17,850450.46
2024-11-18,779212.51
2024-11-19,866733.51
2024-11-20,909326.29
2024-11-21,1002164.46
2024-11-22,1008845.17
2024-11-23,987650.76
2024-11-24,1125371.32
2024-11-25,1089779.06
2024-11-26,1182024.63
2024-11-27,1164283.31
2024-11-28,1564853.21
2024-11-29,2744316.63
2024-11-30,1372043.14
2024-12-01,1782598.32
2024-12-02,1408853.84
2024-12-03,867341.24
2024-12-04,799535.39
2024-12-05,738858.01
2024-12-06,659150.52
2024-12-07,677807.03
2024-12-08,836784.66
2024-12-09,828921.6
2024-12-10,819718.17
2024-12-11,761004.53
2024-12-12,686402.67
2024-12-13,651151.8200000001
2024-12-14,673072.53
2024-12-15,723853.66
2024-12-16,700182.53
2024-12-17,1030054.2
2024-12-18,524590.04
2024-12-19,515959.5
2024-12-20,349869.69
2024-12-21,273890.82
2024-12-22,281977.82
2024-12-23,311011.28
2024-12-24,261148.54
2024-12-25,357310.31
2024-12-26,363351.44
2024-12-27,426071.45999999996
2024-12-28,384147.36
2024-12-29,391376.81
2024-12-30,392583.41
2024-12-31,264492.69
2025-01-01,244887.46
2025-01-02,548952.65
2025-01-03,456266.68
2025-01-04,460865.87
2025-01-05,507130.57
2025-01-06,589512.28
2025-01-07,533594.87
2025-01-08,505746.99
2025-01-09,524723.05
2025-01-10,485727.89999999997
2025-01-11,457708.13
2025-01-12,583897.35
2025-01-13,612988.3099999999
2025-01-14,601230.51
2025-01-15,584265.2
2025-01-16,541644.79
2025-01-17,502348.36
2025-01-18,469863.05000000005
2025-01-19,610186.27
2025-01-20,567316.46
2025-01-21,595280.16
2025-01-22,586066.17
2025-01-23,555796.28
2025-01-24,502514.0
2025-01-25,514857.57
2025-01-26,634201.89
2025-01-27,605811.33
2025-01-28,588814.62
2025-01-29,586210.35
2025-01-30,563831.79
2025-01-31,518686.57
2025-02-01,551397.97
2025-02-02,658257.11
2025-02-03,599638.89
2025-02-04,622492.79
2025-02-05,631285.8
2025-02-06,583814.5700000001
2025-02-07,523604.77
2025-02-08,747399.56
2025-02-09,786454.57
2025-02-10,600850.14
2025-02-11,625269.0
2025-02-12,582440.57
2025-02-13,481960.39
2025-02-14,468772.43
2025-02-15,476391.02
2025-02-16,558138.64
2025-02-17,550618.87
2025-02-18,542062.38
2025-02-19,507856.15
2025-02-20,521688.01
2025-02-21,476429.38
2025-02-22,449604.86
2025-02-23,554472.97
2025-02-24,541082.98
2025-02-25,560616.01
2025-02-26,554355.87
2025-02-27,522465.55
2025-02-28,492452.26
2025-03-01,510139.99
2025-03-02,674643.34
2025-03-03,776314.67
2025-03-04,621141.1
2025-03-05,631005.98
2025-03-06,562509.83
2025-03-07,633953.7000000001
2025-03-08,491825.11000000004
2025-03-09,646414.85
2025-03-10,745901.78
2025-03-11,713554.18
2025-03-12,688694.78
2025-03-13,597112.88
2025-03-14,517231.48
2025-03-15,532989.47
2025-03-16,668683.71
2025-03-17,745046.32
2025-03-18,794431.8
2025-03-19,906699.6
2025-03-20,783132.88
2025-03-21,713103.22
2025-03-22,624087.99
2025-03-23,852056.27
2025-03-24,751234.55
2025-03-25,762504.03
2025-03-26,760218.92
2025-03-27,750649.2000000001
